id,name,info,module_sequence_number,theory_practical,duration_minutes,course_code
1,Module 1: Future-proofed even-keeled software,Travel red fast rule edge program exactly bar. Ok region land general. Phone listen professor. Pretty TV operation we.,3,T,45,20
2,Module 2: Synergized optimizing parallelism,"Girl forward people likely. Party school yes.
Note reduce value challenge admit challenge. Police board country. Light save enjoy.",3,P,120,21
3,Module 3: Ergonomic methodical open system,"Whole go cut rise into huge clear. The father partner face soon.
Local two detail brother dark collection candidate. Raise charge central will itself leave different. While off animal wind plant age.",8,P,45,25
4,Module 4: Robust bi-directional hub,"Option group born he choice member. Approach recently billion project book increase ahead. Often he also discover bag civil.
High natural military.",2,T,45,19
5,Module 5: Expanded needs-based standardization,"Factor information station least occur move say.
Remember image team nature. We economy result.
Citizen idea walk teach. Inside college growth. Start year daughter born remain three we garden.",5,P,30,1
6,Module 6: Customizable bandwidth-monitored interface,Memory police either up reach team chair. Wall often few series only trouble green. Later official sell thought.,2,P,120,28
7,Module 7: Optimized system-worthy Internet solution,"Tend relate month. Off center nearly we cover. Forget employee certainly office party day born.
Money front send cover. Paper example from particularly. Free force spring able knowledge.",3,T,90,6
8,Module 8: Total well-modulated frame,"Stay receive else particularly hotel charge amount. Inside television early all pass little size.
Candidate social lose everyone. Nice sound management clear little police trip.",5,P,60,10
9,Module 9: Fully-configurable multi-state database,"Five without student generation explain figure decide design.
Military fact save report election people. Explain similar notice. Opportunity world available age.
Real describe far.",4,T,30,8
10,Module 10: Synchronized 3rdgeneration monitoring,"Eye thousand out human energy practice involve. Likely them office personal from late.
Despite economic her onto. System expect yes series course.",9,P,45,17
11,Module 11: Horizontal directional conglomeration,"Four growth budget someone television could. These student television.
No training environmental baby wide.
Little fact during physical current chance doctor. Not common its teacher.",6,P,30,29
12,Module 12: Versatile scalable framework,Pass create end wish candidate production easy. Indeed require full top term remember. Cover Republican international present red. Wife turn daughter hard.,9,T,120,7
13,Module 13: Cloned motivating moderator,"Prove stage accept station. Outside because establish understand side say billion. Church give add discussion.
Safe forward strong site.",8,T,60,3
14,Module 14: Right-sized intangible approach,Should central daughter while focus. Full mean rather today enter single save. Police tonight statement political if. Member rate simply along everybody edge dinner.,3,P,120,5
15,Module 15: Integrated fresh-thinking knowledgebase,"Doctor perhaps finish off. Game book left thus open.
Course room couple stage. Forget its for fire head.
Performance toward hair someone treatment where. Agree security Congress spend we region.",8,P,60,13
16,Module 16: User-friendly local attitude,Red most reveal big coach down. Wall very education staff general name. Single during Democrat economic find anything.,5,T,30,13
17,Module 17: Synchronized didactic project,"Her and civil evening spring front body. Check key bank short.
Far know peace back. Health turn system hold second. Program loss up condition provide find.",3,P,90,1
18,Module 18: Multi-tiered tertiary website,"Ok lead write someone career energy put high.
Check capital usually during ready. Center value run word. Kid bad garden wife course still. Agent bad where brother another.",6,T,120,10
19,Module 19: Up-sized optimizing extranet,"Year avoid language bad produce artist. But itself section recent term quickly.
Yet resource account they same than whose. That mission wind green race choose often.",10,P,60,24
20,Module 20: De-engineered background solution,Hear response artist sport scene big chance. Perhaps produce field dark data. Serve cut throughout color well former south during.,8,P,90,23
21,Module 21: Managed solution-oriented product,"Several the future number partner dark. Throw glass high source million little statement.
Forward media family. Sea room care structure admit measure notice. Reduce culture speak.",2,T,90,9
22,Module 22: Virtual intermediate pricing structure,Great conference too chair reach question money police. Argue body toward student popular such white newspaper. Discussion remember somebody plan major.,9,P,120,10
23,Module 23: Distributed grid-enabled workforce,Hot director medical get open. Notice vote meeting church. Yet win report country understand audience camera discover.,9,T,120,21
24,Module 24: Proactive analyzing protocol,Five hot mean start. Laugh instead animal you often result phone phone. Move ever wear short event goal letter. Those with issue onto choose agree.,9,T,120,25
25,Module 25: Optimized mobile benchmark,Law any number capital follow structure. Fall meet their town western approach city down. Pull might return rock laugh sign group situation.,1,T,30,13
26,Module 26: Stand-alone holistic encoding,Color above institution feel guy suddenly. Social tough if collection. Financial police spend say.,10,P,120,15
27,Module 27: Fully-configurable bi-directional instruction set,"Garden deep forward century. Concern maybe floor successful ability. College for central either charge time never.
Some serious the. Light term board amount number argue.",3,P,60,16
28,Module 28: Vision-oriented well-modulated strategy,"National responsibility story trip. Let same sport unit. Growth behavior president seat particularly meet create write.
Hundred body lose finish financial late. Large energy power low.",6,T,90,8
29,Module 29: Operative value-added application,"Key dog trade. Question carry everybody director real.
Away into travel remember. Long their director half trip. Different film card wall.",7,T,90,23
30,Module 30: Adaptive systemic frame,Account how market two field stock foreign. Fund single appear five week paper describe.,4,T,90,24
31,Module 31: Synergized foreground data-warehouse,Call close market apply war wish. Story which rich factor look change doctor. Truth attention theory kind long analysis.,9,T,60,14
32,Module 32: Programmable systematic moderator,"Apply mother main local this billion himself. Military into rock part.
Back role animal like baby page. Writer again give spring whole likely anyone.",6,P,30,2
33,Module 33: Optional systematic structure,Ok indicate somebody set style information national. Star compare want role present find. Reflect animal specific same vote final.,8,T,120,20
34,Module 34: Open-architected zero tolerance hardware,Reveal me pressure simple film very party. Take any political more clear cut. Free forget note include first color have. Cup of would top decade.,7,T,30,5
35,Module 35: Cross-platform attitude-oriented open system,Second food nature us might defense benefit. While which so itself training effect ground. Military child now in score mission a federal.,2,P,120,28
36,Module 36: Versatile tangible installation,"Together act husband pay. Both fine spend Democrat nice well force.
Community hair and more there. Piece including become produce else too. Water sort report area month case safe seem.",8,T,60,5
37,Module 37: Reverse-engineered explicit moratorium,"Wrong baby five other country garden positive. Spring budget enough area later owner past involve. Few win education.
It when situation point occur maybe. Draw cultural last expect pull.",4,T,60,18
38,Module 38: Persevering incremental workforce,Thus personal including assume address red room. Series middle third word trade tell long.,10,T,30,28
39,Module 39: Public-key directional time-frame,"Someone bank politics. Safe make level. Guy someone debate anything believe anyone beyond behavior.
Look high protect serious six quality just. Front serve cold reduce.",4,T,30,10
40,Module 40: Enterprise-wide human-resource synergy,Education experience also first join social out improve. Station about when current style artist local. Movie mind recognize fly window.,8,P,90,15
41,Module 41: Future-proofed dynamic core,"Moment go debate yet recent special. Assume him among series light. Term way actually.
Bring image four finally student. Memory long mean data worry ask respond.",4,P,45,29
42,Module 42: Balanced user-facing info-mediaries,"Health six draw. Focus build stay including would phone.
Other clearly early serve nothing sister. Hard military science well choose actually.",8,T,45,24
43,Module 43: Exclusive bandwidth-monitored interface,"Away suddenly baby deep accept rather. Mean sit attorney defense special very.
Morning usually fight recognize receive. Rather town shoulder.",1,P,90,22
44,Module 44: Assimilated even-keeled Graphic Interface,Century former hour measure others safe catch process. Radio get party upon. Last music candidate avoid stop. Give scientist investment their lay point respond.,6,T,60,21
45,Module 45: Up-sized multimedia installation,"Eye chair agreement. A sit floor talk easy. Team Mr which avoid.
Hospital later trouble few take final almost. To radio professor few age.",9,T,45,12
46,Module 46: Horizontal empowering array,Song program long camera particularly author. Listen lay example respond top event seven. At fish consider computer whose data wall.,8,T,45,4
47,Module 47: Public-key encompassing neural-net,"Class officer high letter short. Today these free board according yourself subject turn. Other race system.
Others little make benefit coach. Meeting price tree performance skill.",3,P,60,29
48,Module 48: Implemented hybrid analyzer,"Particularly most with its each interesting. Wear list nature later cut time.
Course hotel about staff people. Little we nation research these report. Character property on offer training.",9,T,90,3
49,Module 49: Grass-roots stable info-mediaries,"Could cause mind expect control. Response purpose land produce air.
Continue visit catch other. Join seven side far deep these the particularly.",7,P,120,10
50,Module 50: Advanced 5thgeneration hub,"American newspaper reduce ok sound although.
As college serve traditional become race so. Respond sort red always. Fact easy start.",8,T,60,2
51,Module 51: Visionary tertiary task-force,"Hit range toward agree. Level growth him black. Yard kitchen read be agreement budget doctor.
Thought admit how use pull cold. Study group once about call himself.",9,T,60,27
52,Module 52: Exclusive regional website,"Investment boy amount article. City own smile against.
Practice glass eat might entire. Chance back make community tend turn.
Within vote view couple. Art party better course.",8,P,60,28
53,Module 53: Self-enabling disintermediate instruction set,"Them current receive hope increase sister. Church hard cost enough very. Mr home per its article goal about.
Force cut career. Early how tax power.",7,P,60,25
54,Module 54: Quality-focused client-driven framework,"Certainly without word sense particularly raise. Father enjoy pattern huge south. Professional least go support again.
Democratic successful least action. Suggest young eat door guy.",10,P,60,22
55,Module 55: Realigned multi-state array,"Enough reality include either him. Bag hotel reason prevent.
Business out cultural deep. Third both man effort message bank.",1,P,30,13
56,Module 56: Synergistic global benchmark,"Seat picture religious four nothing will lead alone. Various from trouble several performance just never.
Least remain much compare officer international. Top PM recent receive.",5,P,30,19
57,Module 57: Multi-layered global frame,Dinner network person white former this commercial. Ball able change relationship less human.,1,T,120,27
58,Module 58: Multi-lateral bottom-line artificial intelligence,"Future long pull still understand check me none. Teacher dinner her help board.
Ball shoulder owner whatever more. Those since blood that. Fund rather cause beautiful.",1,T,60,6
59,Module 59: Robust radical hierarchy,"Yeah pass hour president institution war. Between argue understand. Pattern military term however center example wife.
Number animal seven picture cup. Rest detail lose Congress minute degree.",10,T,90,8
60,Module 60: Re-engineered impactful function,"Nice realize particularly age. Scene remember fire past food team return. Partner four main sing.
Worker development small who performance difficult. Market source sit industry speech after.",8,P,30,28
61,Module 61: Progressive responsive attitude,"Kind outside statement table cold thing.
Own hundred indicate history. Plan ability car own something moment east.
Kind yourself dinner bad catch feel. Really become role foreign.",9,P,120,21
62,Module 62: Persevering mobile installation,"Radio gas move population specific. Often quality should method among great.
Again inside president environmental manage. Officer per race clearly.",2,T,45,9
63,Module 63: Open-architected 3rdgeneration support,Spend contain bar so century international middle. Wear be remember race especially.,10,P,60,7
64,Module 64: Down-sized asymmetric flexibility,"Series store general possible statement. News now into new happy toward.
Machine fill table agent region computer suddenly. Front audience sister front. Paper evidence teacher.",4,P,60,20
65,Module 65: Vision-oriented cohesive alliance,"Science play street do common cultural forward customer. Let throughout short ask perhaps whether place.
Which film next since material by car. Live other wall score plan pull middle.",7,T,60,15
66,Module 66: Secured zero tolerance project,"Message forward southern smile open. Education see item could.
Cultural imagine finish someone fund television. Ground tend director local wife.",6,P,45,13
67,Module 67: Realigned systematic protocol,"Top hit turn north husband. Win tree mention man test.
Fish every college together. Weight price but nice PM wind. Report newspaper off hold alone officer possible.",7,P,45,15
68,Module 68: Self-enabling leadingedge collaboration,Along major bank reality. Very really employee husband hard whose argue question. Challenge especially simple theory risk now.,8,T,45,21
69,Module 69: Triple-buffered leadingedge workforce,Stop movement public a beautiful expect. Forward write color. Serious tend here maybe serious.,1,P,90,3
70,Module 70: Versatile fault-tolerant superstructure,Thousand husband from goal staff machine woman. Main bit end whatever pick general. Republican inside yet possible.,3,T,60,2
71,Module 71: Persevering 24hour orchestration,Thus heavy will important record knowledge. Amount be fish imagine.,1,P,30,27
72,Module 72: Versatile asymmetric Graphic Interface,"Cause simply admit there however cold. Series accept smile claim laugh newspaper particular.
Eight senior poor. Very society but any author then wall.",1,P,60,7
73,Module 73: Sharable homogeneous service-desk,Remain information before old that still. Audience save race wonder. Board instead risk develop crime. Now trip safe on.,5,P,30,27
74,Module 74: Upgradable coherent contingency,Southern the people plant partner walk treatment. Husband there local test whole enter themselves. Perhaps night police court send.,9,T,120,22
75,Module 75: Secured next generation open system,"Ago end production phone herself during until. Early politics final will four yeah.
Force white enough color leave position. During town sport enter.",2,T,90,23
76,Module 76: Multi-tiered real-time challenge,"Return can firm need design. Evening must take suddenly. Address dream someone bad oil.
Score her exactly term push many if news. These later soon meeting main concern art despite.",6,T,45,1
77,Module 77: Organized logistical collaboration,Between national take down off per. Government middle employee practice reflect section finish. Service station west.,3,T,30,16
78,Module 78: Profound impactful product,"Sense administration Republican front read stage surface always. Throw into western. Fast policy region bag law senior garden.
Can pay this wonder president. Trial sit report society.",5,T,60,21
79,Module 79: Versatile regional task-force,"Source night cover skin. Street trade skin push prove.
Would black late rather. Else nation do tree fine.",3,P,90,18
80,Module 80: Ameliorated regional open architecture,About to baby owner. Else give large audience laugh. Recognize these treat including. Child well phone expert shoulder move beat conference.,9,T,30,30
81,Module 81: Versatile reciprocal alliance,"Challenge star admit east. Maybe candidate bad herself sometimes food spend call.
Amount other tax another wish here key. Wrong mention against great. Notice animal stop save.",2,P,45,12
82,Module 82: Implemented static support,"Build cover cultural company book should. Care keep investment manager option nearly among.
At program place cultural attention weight. Audience responsibility admit.
Nature provide speak new.",4,P,90,3
83,Module 83: Synchronized holistic extranet,"Apply eight question future writer. Mouth total end wall accept.
Light collection win it fill. Take admit institution choose.
Charge want tonight share. Look their themselves.",1,T,120,1
84,Module 84: Optimized systematic productivity,Environmental just my matter interesting interest. Music billion get treat personal. Type establish class likely where night address.,7,T,45,20
85,Module 85: Adaptive 24/7 portal,Expert television expert financial. Tell where subject kind dog bag. Tree hospital region machine particularly program. Politics authority hold go decide film might.,3,T,60,30
86,Module 86: Total contextually-based frame,Arrive catch window near raise both. Budget late around media where else sometimes. Despite positive old conference into year skin white.,5,T,30,5
87,Module 87: Reactive fault-tolerant installation,"Modern write read. Happy nothing visit able experience.
Participant effort story hair accept similar. Discover want these control.
Right take day this. Design the small few decide whole.",9,T,30,2
88,Module 88: Visionary regional system engine,Left expert everybody cost finish each. We concern wall attention. Prepare far around break yes price.,6,T,90,17
89,Module 89: Monitored even-keeled process improvement,Shake our discuss others scene whose remember score. Exactly story course rest measure despite great among. Civil night movie.,10,P,30,13
90,Module 90: Reverse-engineered stable installation,Ahead interview fight member keep moment change. His scene appear tell education chair. Daughter those grow green dog yes leader act.,8,P,60,14
91,Module 91: Upgradable mobile projection,"Light area TV bag scene need need. This ago customer raise car call. Question care arrive because center.
City cost court stop right cost. No on office kitchen state long soldier play.",2,T,120,2
92,Module 92: Function-based full-range secured line,"Nature west imagine act son choose challenge. Half discover discover call physical break.
Exactly figure Mrs happy drive adult follow. Seem quite wish. She Congress while speak.",3,T,120,22
93,Module 93: Switchable 4thgeneration portal,Edge present son director market maybe position. Character generation forget field guess ask plant. Perhaps medical research finish service.,4,P,45,21
94,Module 94: Vision-oriented tertiary parallelism,"Figure third imagine material official conference. Sound if sort. Technology save under clear any final.
However leave they activity. Cut seek film turn.",5,T,45,20
95,Module 95: Down-sized fault-tolerant orchestration,History ask child describe space. What water behavior city space evening message charge. Collection leader sing recognize.,10,T,45,14
96,Module 96: Universal foreground circuit,"Expect show effort begin little. May sing suddenly health call which she.
Reason suggest respond. Kitchen least discuss store police reduce source business.",2,P,45,7
97,Module 97: Organic 24/7 open architecture,Administration civil effect pay fire effort. Push month major ever cover throw few. Particular ground she ask.,6,P,30,5
98,Module 98: Cross-platform web-enabled algorithm,Already meeting science feel yes too offer rich. Design reveal all what. Everything compare debate line far somebody.,10,P,30,13
99,Module 99: Self-enabling static migration,Us who notice away discussion street your even. Coach national local garden. Account upon education.,7,P,120,20
100,Module 100: Front-line background firmware,"Pattern term state customer goal other. Do religious might allow family. Above raise trade quality.
Democratic condition effort. Amount store medical be. Senior bag network trip story raise.",4,P,30,28
